﻿<parameters>
  <parameter name="IIS Web Application Name" defaultValue="Default Web Site/ZergScheduler_deploy" tags="IisApp">
    <parameterEntry kind="ProviderPath" scope="IisApp" match="^C:\\Documents\ and\ Settings\\Jeremy\\my\ documents\\visual\ studio\ 2010\\Projects\\ZergScheduler\\ZergScheduler\\obj\\Debug\\Package\\PackageTmp$" />
    <parameterEntry kind="ProviderPath" scope="setAcl" match="^C:\\Documents\ and\ Settings\\Jeremy\\my\ documents\\visual\ studio\ 2010\\Projects\\ZergScheduler\\ZergScheduler\\obj\\Debug\\Package\\PackageTmp$" />
  </parameter>
  <parameter name="ZergRushEntities-Web.config Connection String" description="ZergRushEntities Connection String used in web.config by the application to access the database." defaultValue="metadata=res://*/Models.CoursesDB.csdl|res://*/Models.CoursesDB.ssdl|res://*/Models.CoursesDB.msl;provider=System.Data.SqlClient;provider connection string=&quot;Data Source=fadetoblack.homedns.org;Initial Catalog=CMSC345;Persist Security Info=True;User ID=345team;Password=zergRush;MultipleActiveResultSets=True&quot;" tags="SqlConnectionString">
    <parameterEntry kind="XmlFile" scope="obj\\Debug\\Package\\PackageTmp\\Web\.config$" match="/configuration/connectionStrings/add[@name='ZergRushEntities']/@connectionString" />
  </parameter>
  <parameter name="ApplicationServices-Web.config Connection String" description="ApplicationServices Connection String used in web.config by the application to access the database." defaultValue="data source=.\SQLEXPRESS;Integrated Security=SSPI;AttachDBFilename=|DataDirectory|aspnetdb.mdf;User Instance=true" tags="SqlConnectionString">
    <parameterEntry kind="XmlFile" scope="obj\\Debug\\Package\\PackageTmp\\Web\.config$" match="/configuration/connectionStrings/add[@name='ApplicationServices']/@connectionString" />
  </parameter>
</parameters>